,base,ks_statistic,p_value,norm?
0,efluentes,0.5039893563146316,0.0,Não
1,poluentes_atm,0.8413447460685429,0.0,Não
2,residuos_solidos1,0.7435387709234249,0.0,Não
3,residuos_solidos2,0.9820774622487396,0.0,Não
4,emissoes,0.9205309424197785,0.0,Não
